{"licenses":[{"name":"","id":0,"url":""}],"info":{"contributor":"","date_created":"","description":"","url":"","version":"","year":""},"categories":[{"id":1,"name":"Road","supercategory":""},{"id":2,"name":"Car","supercategory":""},{"id":3,"name":"Sign","supercategory":""},{"id":4,"name":"RoadSurface","supercategory":""}],"images":[{"id":1,"width":224,"height":224,"file_name":"1616517861573403.png","license":0,"flickr_url":"","coco_url":"","date_captured":0}],"annotations":[{"id":1,"image_id":1,"category_id":4,"segmentation":[[69.7,183.3,37.6,200.5,0.3,204.5,1.01,167.16,47.09,128.48,170.52,128.15,166.15,145.64,222.99,206.51,189.02,202.48,153.0,182.0,113.7,175.6]],"area":10364.0,"bbox":[0.3,128.15,222.69,78.36],"iscrowd":0,"attributes":{"occluded":false}}]}