{"licenses":[{"name":"","id":0,"url":""}],"info":{"contributor":"","date_created":"","description":"","url":"","version":"","year":""},"categories":[{"id":1,"name":"Road","supercategory":""},{"id":2,"name":"Car","supercategory":""},{"id":3,"name":"Sign","supercategory":""},{"id":4,"name":"RoadSurface","supercategory":""}],"images":[{"id":1,"width":224,"height":224,"file_name":"1616517866373440.png","license":0,"flickr_url":"","coco_url":"","date_captured":0}],"annotations":[{"id":1,"image_id":1,"category_id":4,"segmentation":[[35.32,198.78,0.0,201.09,0.0,192.19,1.35,174.22,41.04,153.71,83.75,132.18,83.75,124.11,70.97,122.09,70.97,115.7,92.83,117.05,113.01,124.11,131.51,130.5,158.08,151.69,181.29,177.25,209.2,204.16,187.34,202.14,144.96,180.28,82.4,180.95]],"area":8341.0,"bbox":[0.0,115.7,209.2,88.46],"iscrowd":0,"attributes":{"occluded":false}}]}