{
    "info": {
        "contributor": "",
        "date_created": "",
        "description": "",
        "url": "",
        "version": "",
        "year": ""
    },
    "licenses": [
        {
            "name": "",
            "id": 0,
            "url": ""
        }
    ],
    "categories": [
        {
            "id": 1,
            "name": "Road",
            "supercategory": ""
        }
    ],
    "images": [
        {
            "id": 15,
            "width": 224,
            "height": 224,
            "file_name": "1611676814531176.png",
            "license": 0,
            "flickr_url": "",
            "coco_url": "",
            "date_captured": 0
        }
    ],
    "annotations": [
        {
            "id": 15,
            "image_id": 15,
            "category_id": 1,
            "segmentation": [
                [
                    26.46,
                    191.42,
                    44.2,
                    194.62,
                    86.6,
                    175.0,
                    162.56,
                    178.71,
                    187.45,
                    200.18,
                    223.46,
                    193.83,
                    163.9,
                    127.1,
                    96.39,
                    125.76
                ]
            ],
            "area": 7322.0,
            "bbox": [
                26.46,
                125.76,
                197.0,
                74.42
            ],
            "iscrowd": 0,
            "attributes": {
                "occluded": false
            }
        }
    ]
}