{
    "info": {
        "contributor": "",
        "date_created": "",
        "description": "",
        "url": "",
        "version": "",
        "year": ""
    },
    "licenses": [
        {
            "name": "",
            "id": 0,
            "url": ""
        }
    ],
    "categories": [
        {
            "id": 1,
            "name": "Road",
            "supercategory": ""
        }
    ],
    "images": [
        {
            "id": 31,
            "width": 224,
            "height": 224,
            "file_name": "1611676820331198.png",
            "license": 0,
            "flickr_url": "",
            "coco_url": "",
            "date_captured": 0
        }
    ],
    "annotations": [
        {
            "id": 31,
            "image_id": 31,
            "category_id": 1,
            "segmentation": [
                [
                    14.6,
                    194.31,
                    44.3,
                    193.87,
                    75.14,
                    178.77,
                    168.8,
                    180.42,
                    191.32,
                    201.29,
                    223.52,
                    202.42,
                    223.52,
                    177.87,
                    155.14,
                    126.39,
                    158.13,
                    122.21,
                    136.59,
                    120.34,
                    89.96,
                    126.85
                ]
            ],
            "area": 8628.0,
            "bbox": [
                14.6,
                120.34,
                208.92,
                82.08
            ],
            "iscrowd": 0,
            "attributes": {
                "occluded": false
            }
        }
    ]
}