{
    "info": {
        "contributor": "",
        "date_created": "",
        "description": "",
        "url": "",
        "version": "",
        "year": ""
    },
    "licenses": [
        {
            "name": "",
            "id": 0,
            "url": ""
        }
    ],
    "categories": [
        {
            "id": 1,
            "name": "Road",
            "supercategory": ""
        }
    ],
    "images": [
        {
            "id": 20,
            "width": 224,
            "height": 224,
            "file_name": "1611676816131183.png",
            "license": 0,
            "flickr_url": "",
            "coco_url": "",
            "date_captured": 0
        }
    ],
    "annotations": [
        {
            "id": 20,
            "image_id": 20,
            "category_id": 1,
            "segmentation": [
                [
                    50.56,
                    172.77,
                    33.87,
                    192.94,
                    52.16,
                    190.85,
                    80.22,
                    176.22,
                    165.11,
                    177.15,
                    185.06,
                    197.79,
                    208.22,
                    193.87,
                    197.32,
                    174.13,
                    206.39,
                    162.77,
                    167.87,
                    134.04,
                    141.69,
                    134.71,
                    133.79,
                    124.97,
                    97.4,
                    124.05
                ]
            ],
            "area": 6670.0,
            "bbox": [
                33.87,
                124.05,
                174.35,
                73.74
            ],
            "iscrowd": 0,
            "attributes": {
                "occluded": false
            }
        }
    ]
}