{
    "info": {
        "contributor": "",
        "date_created": "",
        "description": "",
        "url": "",
        "version": "",
        "year": ""
    },
    "licenses": [
        {
            "name": "",
            "id": 0,
            "url": ""
        }
    ],
    "categories": [
        {
            "id": 1,
            "name": "Road",
            "supercategory": ""
        }
    ],
    "images": [
        {
            "id": 37,
            "width": 224,
            "height": 224,
            "file_name": "1611676830431236.png",
            "license": 0,
            "flickr_url": "",
            "coco_url": "",
            "date_captured": 0
        }
    ],
    "annotations": [
        {
            "id": 37,
            "image_id": 37,
            "category_id": 1,
            "segmentation": [
                [
                    3.7,
                    197.79,
                    43.58,
                    196.86,
                    73.5,
                    178.31,
                    166.5,
                    178.77,
                    191.06,
                    201.29,
                    223.99,
                    203.14,
                    197.32,
                    179.49,
                    124.77,
                    118.25,
                    36.42,
                    119.87,
                    38.25,
                    136.34,
                    0.0,
                    163.48,
                    0.0,
                    163.6
                ]
            ],
            "area": 10199.0,
            "bbox": [
                0.0,
                118.25,
                223.99,
                84.89
            ],
            "iscrowd": 0,
            "attributes": {
                "occluded": false
            }
        }
    ]
}