{
    "info": {
        "contributor": "",
        "date_created": "",
        "description": "",
        "url": "",
        "version": "",
        "year": ""
    },
    "licenses": [
        {
            "name": "",
            "id": 0,
            "url": ""
        }
    ],
    "categories": [
        {
            "id": 1,
            "name": "Road",
            "supercategory": ""
        }
    ],
    "images": [
        {
            "id": 43,
            "width": 224,
            "height": 224,
            "file_name": "1611676839531270.png",
            "license": 0,
            "flickr_url": "",
            "coco_url": "",
            "date_captured": 0
        }
    ],
    "annotations": [
        {
            "id": 43,
            "image_id": 43,
            "category_id": 1,
            "segmentation": [
                [
                    2.31,
                    198.95,
                    38.71,
                    197.11,
                    68.42,
                    177.87,
                    159.06,
                    178.77,
                    193.4,
                    200.34,
                    223.78,
                    201.5,
                    223.32,
                    156.77,
                    153.5,
                    134.94,
                    88.34,
                    131.95
                ]
            ],
            "area": 8369.0,
            "bbox": [
                2.31,
                131.95,
                221.47,
                69.55
            ],
            "iscrowd": 0,
            "attributes": {
                "occluded": false
            }
        }
    ]
}