{
    "info": {
        "contributor": "",
        "date_created": "",
        "description": "",
        "url": "",
        "version": "",
        "year": ""
    },
    "licenses": [
        {
            "name": "",
            "id": 0,
            "url": ""
        }
    ],
    "categories": [
        {
            "id": 1,
            "name": "Road",
            "supercategory": ""
        }
    ],
    "images": [
        {
            "id": 3,
            "width": 224,
            "height": 224,
            "file_name": "1611676808631154.png",
            "license": 0,
            "flickr_url": "",
            "coco_url": "",
            "date_captured": 0
        }
    ],
    "annotations": [
        {
            "id": 3,
            "image_id": 3,
            "category_id": 1,
            "segmentation": [
                [
                    39.2,
                    182.95,
                    46.59,
                    189.3,
                    87.92,
                    177.12,
                    153.32,
                    176.86,
                    177.94,
                    192.74,
                    205.72,
                    185.89,
                    140.32,
                    128.96,
                    85.8,
                    129.49
                ]
            ],
            "area": 5739.0,
            "bbox": [
                39.2,
                128.96,
                166.52,
                63.78
            ],
            "iscrowd": 0,
            "attributes": {
                "occluded": false
            }
        }
    ]
}