{
    "info": {
        "contributor": "",
        "date_created": "",
        "description": "",
        "url": "",
        "version": "",
        "year": ""
    },
    "licenses": [
        {
            "name": "",
            "id": 0,
            "url": ""
        }
    ],
    "categories": [
        {
            "id": 1,
            "name": "Road",
            "supercategory": ""
        }
    ],
    "images": [
        {
            "id": 36,
            "width": 224,
            "height": 224,
            "file_name": "1611676826131220.png",
            "license": 0,
            "flickr_url": "",
            "coco_url": "",
            "date_captured": 0
        }
    ],
    "annotations": [
        {
            "id": 36,
            "image_id": 36,
            "category_id": 1,
            "segmentation": [
                [
                    1.4,
                    198.25,
                    39.41,
                    197.58,
                    71.66,
                    179.03,
                    160.48,
                    178.08,
                    182.04,
                    195.49,
                    202.21,
                    195.23,
                    161.61,
                    123.14,
                    126.13,
                    122.21,
                    0.68,
                    162.08
                ]
            ],
            "area": 8903.0,
            "bbox": [
                0.68,
                122.21,
                201.53,
                76.04
            ],
            "iscrowd": 0,
            "attributes": {
                "occluded": false
            }
        }
    ]
}