{
    "info": {
        "contributor": "",
        "date_created": "",
        "description": "",
        "url": "",
        "version": "",
        "year": ""
    },
    "licenses": [
        {
            "name": "",
            "id": 0,
            "url": ""
        }
    ],
    "categories": [
        {
            "id": 1,
            "name": "Road",
            "supercategory": ""
        }
    ],
    "images": [
        {
            "id": 18,
            "width": 224,
            "height": 224,
            "file_name": "1611676815631180.png",
            "license": 0,
            "flickr_url": "",
            "coco_url": "",
            "date_captured": 0
        }
    ],
    "annotations": [
        {
            "id": 18,
            "image_id": 18,
            "category_id": 1,
            "segmentation": [
                [
                    34.56,
                    182.5,
                    41.5,
                    193.87,
                    86.71,
                    178.56,
                    156.51,
                    178.77,
                    190.85,
                    204.51,
                    210.08,
                    194.56,
                    156.97,
                    151.41,
                    161.61,
                    139.14,
                    155.14,
                    133.32,
                    89.5,
                    131.23
                ]
            ],
            "area": 5937.0,
            "bbox": [
                34.56,
                131.23,
                175.52,
                73.28
            ],
            "iscrowd": 0,
            "attributes": {
                "occluded": false
            }
        }
    ]
}