{
    "info": {
        "contributor": "",
        "date_created": "",
        "description": "",
        "url": "",
        "version": "",
        "year": ""
    },
    "licenses": [
        {
            "name": "",
            "id": 0,
            "url": ""
        }
    ],
    "categories": [
        {
            "id": 1,
            "name": "Road",
            "supercategory": ""
        }
    ],
    "images": [
        {
            "id": 7,
            "width": 224,
            "height": 224,
            "file_name": "1611676810231161.png",
            "license": 0,
            "flickr_url": "",
            "coco_url": "",
            "date_captured": 0
        }
    ],
    "annotations": [
        {
            "id": 7,
            "image_id": 7,
            "category_id": 1,
            "segmentation": [
                [
                    36.26,
                    190.62,
                    54.03,
                    189.59,
                    76.77,
                    177.94,
                    160.44,
                    177.94,
                    184.54,
                    197.8,
                    222.42,
                    189.3,
                    146.96,
                    133.2,
                    82.62,
                    131.08
                ]
            ],
            "area": 6200.0,
            "bbox": [
                36.26,
                131.08,
                186.16,
                66.72
            ],
            "iscrowd": 0,
            "attributes": {
                "occluded": false
            }
        }
    ]
}