{
    "info": {
        "contributor": "",
        "date_created": "",
        "description": "",
        "url": "",
        "version": "",
        "year": ""
    },
    "licenses": [
        {
            "name": "",
            "id": 0,
            "url": ""
        }
    ],
    "categories": [
        {
            "id": 1,
            "name": "Road",
            "supercategory": ""
        }
    ],
    "images": [
        {
            "id": 25,
            "width": 224,
            "height": 224,
            "file_name": "1611676817431187.png",
            "license": 0,
            "flickr_url": "",
            "coco_url": "",
            "date_captured": 0
        }
    ],
    "annotations": [
        {
            "id": 25,
            "image_id": 25,
            "category_id": 1,
            "segmentation": [
                [
                    3.95,
                    197.79,
                    38.94,
                    198.25,
                    70.04,
                    179.03,
                    167.66,
                    177.61,
                    187.14,
                    202.21,
                    220.77,
                    203.14,
                    160.94,
                    148.86,
                    159.99,
                    136.59,
                    144.68,
                    127.99,
                    92.77,
                    126.39
                ]
            ],
            "area": 7036.0,
            "bbox": [
                3.95,
                126.39,
                216.82,
                76.75
            ],
            "iscrowd": 0,
            "attributes": {
                "occluded": false
            }
        }
    ]
}