{
    "info": {
        "contributor": "",
        "date_created": "",
        "description": "",
        "url": "",
        "version": "",
        "year": ""
    },
    "licenses": [
        {
            "name": "",
            "id": 0,
            "url": ""
        }
    ],
    "categories": [
        {
            "id": 1,
            "name": "Road",
            "supercategory": ""
        }
    ],
    "images": [
        {
            "id": 29,
            "width": 224,
            "height": 224,
            "file_name": "1611676819731196.png",
            "license": 0,
            "flickr_url": "",
            "coco_url": "",
            "date_captured": 0
        }
    ],
    "annotations": [
        {
            "id": 29,
            "image_id": 29,
            "category_id": 1,
            "segmentation": [
                [
                    21.32,
                    196.86,
                    43.14,
                    196.86,
                    79.52,
                    175.78,
                    167.66,
                    178.56,
                    190.39,
                    199.66,
                    223.99,
                    201.5,
                    224.0,
                    201.27,
                    224.0,
                    177.81,
                    148.65,
                    128.48,
                    92.77,
                    126.6
                ]
            ],
            "area": 7519.0,
            "bbox": [
                21.32,
                126.6,
                202.68,
                74.9
            ],
            "iscrowd": 0,
            "attributes": {
                "occluded": false
            }
        }
    ]
}