{
    "info": {
        "contributor": "",
        "date_created": "",
        "description": "",
        "url": "",
        "version": "",
        "year": ""
    },
    "licenses": [
        {
            "name": "",
            "id": 0,
            "url": ""
        }
    ],
    "categories": [
        {
            "id": 1,
            "name": "Road",
            "supercategory": ""
        }
    ],
    "images": [
        {
            "id": 8,
            "width": 224,
            "height": 224,
            "file_name": "1611676810731162.png",
            "license": 0,
            "flickr_url": "",
            "coco_url": "",
            "date_captured": 0
        }
    ],
    "annotations": [
        {
            "id": 8,
            "image_id": 8,
            "category_id": 1,
            "segmentation": [
                [
                    36.26,
                    187.18,
                    47.14,
                    193.54,
                    88.18,
                    175.27,
                    150.64,
                    177.41,
                    181.36,
                    196.98,
                    224.0,
                    187.63,
                    224.0,
                    186.94,
                    135.31,
                    131.34,
                    83.66,
                    131.58
                ]
            ],
            "area": 6145.0,
            "bbox": [
                36.26,
                131.34,
                187.74,
                65.64
            ],
            "iscrowd": 0,
            "attributes": {
                "occluded": false
            }
        }
    ]
}