{
    "info": {
        "contributor": "",
        "date_created": "",
        "description": "",
        "url": "",
        "version": "",
        "year": ""
    },
    "licenses": [
        {
            "name": "",
            "id": 0,
            "url": ""
        }
    ],
    "categories": [
        {
            "id": 1,
            "name": "Road",
            "supercategory": ""
        }
    ],
    "images": [
        {
            "id": 2,
            "width": 224,
            "height": 224,
            "file_name": "1611676808031152.png",
            "license": 0,
            "flickr_url": "",
            "coco_url": "",
            "date_captured": 0
        }
    ],
    "annotations": [
        {
            "id": 2,
            "image_id": 2,
            "category_id": 1,
            "segmentation": [
                [
                    33.38,
                    188.0,
                    35.23,
                    197.8,
                    82.09,
                    177.94,
                    151.2,
                    175.56,
                    177.94,
                    192.51,
                    202.3,
                    189.04,
                    141.4,
                    126.29,
                    90.04,
                    128.96
                ]
            ],
            "area": 5829.0,
            "bbox": [
                33.38,
                126.29,
                168.92,
                71.51
            ],
            "iscrowd": 0,
            "attributes": {
                "occluded": false
            }
        }
    ]
}