{
    "info": {
        "contributor": "",
        "date_created": "",
        "description": "",
        "url": "",
        "version": "",
        "year": ""
    },
    "licenses": [
        {
            "name": "",
            "id": 0,
            "url": ""
        }
    ],
    "categories": [
        {
            "id": 1,
            "name": "Road",
            "supercategory": ""
        }
    ],
    "images": [
        {
            "id": 39,
            "width": 224,
            "height": 224,
            "file_name": "1611676833231247.png",
            "license": 0,
            "flickr_url": "",
            "coco_url": "",
            "date_captured": 0
        }
    ],
    "annotations": [
        {
            "id": 39,
            "image_id": 39,
            "category_id": 1,
            "segmentation": [
                [
                    20.65,
                    196.65,
                    41.06,
                    196.86,
                    71.41,
                    179.95,
                    174.85,
                    182.25,
                    190.39,
                    200.13,
                    223.99,
                    203.14,
                    223.99,
                    131.7,
                    203.35,
                    127.78,
                    157.44,
                    130.08,
                    128.48,
                    115.95,
                    47.99,
                    114.31
                ]
            ],
            "area": 12527.0,
            "bbox": [
                20.65,
                114.31,
                203.34,
                88.83
            ],
            "iscrowd": 0,
            "attributes": {
                "occluded": false
            }
        }
    ]
}