{
    "info": {
        "contributor": "",
        "date_created": "",
        "description": "",
        "url": "",
        "version": "",
        "year": ""
    },
    "licenses": [
        {
            "name": "",
            "id": 0,
            "url": ""
        }
    ],
    "categories": [
        {
            "id": 1,
            "name": "Road",
            "supercategory": ""
        }
    ],
    "images": [
        {
            "id": 49,
            "width": 224,
            "height": 224,
            "file_name": "1611676848531303.png",
            "license": 0,
            "flickr_url": "",
            "coco_url": "",
            "date_captured": 0
        }
    ],
    "annotations": [
        {
            "id": 49,
            "image_id": 49,
            "category_id": 1,
            "segmentation": [
                [
                    0.22,
                    199.41,
                    38.94,
                    196.86,
                    72.13,
                    177.61,
                    168.34,
                    179.49,
                    185.06,
                    199.87,
                    210.77,
                    196.16,
                    150.94,
                    125.92,
                    109.92,
                    123.14,
                    1.15,
                    171.58
                ]
            ],
            "area": 8368.0,
            "bbox": [
                0.22,
                123.14,
                210.55,
                76.73
            ],
            "iscrowd": 0,
            "attributes": {
                "occluded": false
            }
        }
    ]
}