{
    "info": {
        "contributor": "",
        "date_created": "",
        "description": "",
        "url": "",
        "version": "",
        "year": ""
    },
    "licenses": [
        {
            "name": "",
            "id": 0,
            "url": ""
        }
    ],
    "categories": [
        {
            "id": 1,
            "name": "Road",
            "supercategory": ""
        }
    ],
    "images": [
        {
            "id": 21,
            "width": 224,
            "height": 224,
            "file_name": "1611676816231183.png",
            "license": 0,
            "flickr_url": "",
            "coco_url": "",
            "date_captured": 0
        }
    ],
    "annotations": [
        {
            "id": 21,
            "image_id": 21,
            "category_id": 1,
            "segmentation": [
                [
                    34.56,
                    192.94,
                    47.52,
                    195.23,
                    76.77,
                    181.11,
                    171.58,
                    182.04,
                    189.92,
                    201.06,
                    223.52,
                    198.94,
                    169.5,
                    136.8,
                    145.61,
                    137.5,
                    134.25,
                    125.69,
                    96.94,
                    126.13
                ]
            ],
            "area": 6982.0,
            "bbox": [
                34.56,
                125.69,
                188.96,
                75.37
            ],
            "iscrowd": 0,
            "attributes": {
                "occluded": false
            }
        }
    ]
}