{
    "info": {
        "contributor": "",
        "date_created": "",
        "description": "",
        "url": "",
        "version": "",
        "year": ""
    },
    "licenses": [
        {
            "name": "",
            "id": 0,
            "url": ""
        }
    ],
    "categories": [
        {
            "id": 1,
            "name": "Road",
            "supercategory": ""
        }
    ],
    "images": [
        {
            "id": 14,
            "width": 224,
            "height": 224,
            "file_name": "1611676814031175.png",
            "license": 0,
            "flickr_url": "",
            "coco_url": "",
            "date_captured": 0
        }
    ],
    "annotations": [
        {
            "id": 14,
            "image_id": 14,
            "category_id": 1,
            "segmentation": [
                [
                    30.99,
                    187.45,
                    41.05,
                    196.98,
                    78.12,
                    179.24,
                    146.41,
                    177.41,
                    182.95,
                    199.36,
                    221.1,
                    194.09,
                    151.97,
                    136.08,
                    94.54,
                    132.37
                ]
            ],
            "area": 6203.0,
            "bbox": [
                30.99,
                132.37,
                190.11,
                66.99
            ],
            "iscrowd": 0,
            "attributes": {
                "occluded": false
            }
        }
    ]
}