{
    "info": {
        "contributor": "",
        "date_created": "",
        "description": "",
        "url": "",
        "version": "",
        "year": ""
    },
    "licenses": [
        {
            "name": "",
            "id": 0,
            "url": ""
        }
    ],
    "categories": [
        {
            "id": 1,
            "name": "Road",
            "supercategory": ""
        }
    ],
    "images": [
        {
            "id": 38,
            "width": 224,
            "height": 224,
            "file_name": "1611676831531240.png",
            "license": 0,
            "flickr_url": "",
            "coco_url": "",
            "date_captured": 0
        }
    ],
    "annotations": [
        {
            "id": 38,
            "image_id": 38,
            "category_id": 1,
            "segmentation": [
                [
                    27.14,
                    197.79,
                    44.05,
                    196.42,
                    75.14,
                    179.95,
                    171.84,
                    181.32,
                    192.22,
                    199.87,
                    224.0,
                    201.28,
                    224.0,
                    189.25,
                    223.06,
                    137.96,
                    143.52,
                    120.59,
                    39.66,
                    118.5
                ]
            ],
            "area": 12067.0,
            "bbox": [
                27.14,
                118.5,
                196.86,
                82.78
            ],
            "iscrowd": 0,
            "attributes": {
                "occluded": false
            }
        }
    ]
}