{
    "info": {
        "contributor": "",
        "date_created": "",
        "description": "",
        "url": "",
        "version": "",
        "year": ""
    },
    "licenses": [
        {
            "name": "",
            "id": 0,
            "url": ""
        }
    ],
    "categories": [
        {
            "id": 1,
            "name": "Road",
            "supercategory": ""
        }
    ],
    "images": [
        {
            "id": 50,
            "width": 224,
            "height": 224,
            "file_name": "1611676850931312.png",
            "license": 0,
            "flickr_url": "",
            "coco_url": "",
            "date_captured": 0
        }
    ],
    "annotations": [
        {
            "id": 50,
            "image_id": 50,
            "category_id": 1,
            "segmentation": [
                [
                    2.56,
                    200.34,
                    40.59,
                    196.65,
                    72.59,
                    178.08,
                    149.79,
                    175.32,
                    192.48,
                    199.66,
                    219.35,
                    194.77,
                    132.65,
                    127.52,
                    83.23,
                    129.61,
                    0.0,
                    172.4,
                    -0.0,
                    174.71
                ]
            ],
            "area": 8077.0,
            "bbox": [
                0.0,
                127.52,
                219.35,
                72.82
            ],
            "iscrowd": 0,
            "attributes": {
                "occluded": false
            }
        }
    ]
}